[
    {
        "title": "Clean Code",
        "author": "Robert C. Martin",
        "category": "Software Engineering"
    },
    {
        "title": "The Pragmatic Programmer",
        "author": "Andrew Hunt",
        "category": "Software Engineering"
    },
    {
        "title": "Introduction to Algorithms",
        "author": "Thomas H. Cormen",
        "category": "Computer Science"
    },
    {
        "title": "Design Patterns",
        "author": "Erich Gamma",
        "category": "Software Engineering"
    },
    {
        "title": "Effective Python",
        "author": "Brett Slatkin",
        "category": "Programming"
    }
]
